<?xml version="1.0" encoding="UTF-8" ?>
<!DOCTYPE mapper
PUBLIC "-//mybatis.org//DTD Mapper 3.0//EN"
"http://mybatis.org/dtd/mybatis-3-mapper.dtd">
<mapper namespace="com.ruoyi.system.mapper.SysContactMapper">
    
    <resultMap type="SysContact" id="SysContactResult">
        <result property="id"    column="id"    />
        <result property="name"    column="name"    />
        <result property="createBy"    column="create_by"    />
        <result property="createTime"    column="create_time"    />
        <result property="updateBy"    column="update_by"    />
        <result property="updateTime"    column="update_time"    />
    </resultMap>

    <sql id="selectSysContactVo">
        select id, name, create_by, create_time, update_by, update_time from sys_contact
    </sql>

    <select id="selectSysContactList" parameterType="SysContact" resultMap="SysContactResult">
        <include refid="selectSysContactVo"/>
        <where>  
            <if test="name != null  and name != ''"> and name like concat('%', #{name}, '%')</if>
        </where>
    </select>
    
    <select id="selectSysContactById" parameterType="Long" resultMap="SysContactResult">
        <include refid="selectSysContactVo"/>
        where id = #{id}
    </select>

    <insert id="insertSysContact" parameterType="SysContact" useGeneratedKeys="true" keyProperty="id">
        insert into sys_contact
        <trim prefix="(" suffix=")" suffixOverrides=",">
            <if test="name != null and name != ''">name,</if>
            <if test="createBy != null">create_by,</if>
            <if test="createTime != null">create_time,</if>
            <if test="updateBy != null">update_by,</if>
            <if test="updateTime != null">update_time,</if>
         </trim>
        <trim prefix="values (" suffix=")" suffixOverrides=",">
            <if test="name != null and name != ''">#{name},</if>
            <if test="createBy != null">#{createBy},</if>
            <if test="createTime != null">#{createTime},</if>
            <if test="updateBy != null">#{updateBy},</if>
            <if test="updateTime != null">#{updateTime},</if>
         </trim>
    </insert>

    <update id="updateSysContact" parameterType="SysContact">
        update sys_contact
        <trim prefix="SET" suffixOverrides=",">
            <if test="name != null and name != ''">name = #{name},</if>
            <if test="createBy != null">create_by = #{createBy},</if>
            <if test="createTime != null">create_time = #{createTime},</if>
            <if test="updateBy != null">update_by = #{updateBy},</if>
            <if test="updateTime != null">update_time = #{updateTime},</if>
        </trim>
        where id = #{id}
    </update>

    <delete id="deleteSysContactById" parameterType="Long">
        delete from sys_contact where id = #{id}
    </delete>

    <delete id="deleteSysContactByIds" parameterType="String">
        delete from sys_contact where id in 
        <foreach item="id" collection="array" open="(" separator="," close=")">
            #{id}
        </foreach>
    </delete>
</mapper>